﻿<parameters>
  <parameter name="IIS Web Application Name" defaultValue="test" tags="IisApp">
    <parameterEntry kind="ProviderPath" scope="IisApp" match="^C:\\Users\\tzhang\\AppData\\Local\\Temp\\WebSitePublish\\WebSite1--1492251690\\obj\\Debug\\Package\\PackageTmp$" />
    <parameterEntry kind="ProviderPath" scope="setAcl" match="^C:\\Users\\tzhang\\AppData\\Local\\Temp\\WebSitePublish\\WebSite1--1492251690\\obj\\Debug\\Package\\PackageTmp$" />
  </parameter>
  <parameter name="UnderWritingConnectionString-Web.config Connection String" defaultValue="Data Source=BOS1WSD11040I02\SSAS2014;Initial Catalog=UnderWriting;Integrated Security=True">
    <parameterEntry kind="XmlFile" scope="C:\\Users\\tzhang\\AppData\\Local\\Temp\\WebSitePublish\\WebSite1--1492251690\\obj\\Debug\\Package\\PackageTmp\\Web\.config$" match="/configuration/connectionStrings/add[@name='UnderWritingConnectionString']/@connectionString" />
  </parameter>
  <parameter name="DefaultConnection-Web.config Connection String" defaultValue="Data Source=BOS1WSD11040I02\SSAS2014;Initial Catalog=UnderWriting;Integrated Security=True">
    <parameterEntry kind="XmlFile" scope="C:\\Users\\tzhang\\AppData\\Local\\Temp\\WebSitePublish\\WebSite1--1492251690\\obj\\Debug\\Package\\PackageTmp\\Web\.config$" match="/configuration/connectionStrings/add[@name='DefaultConnection']/@connectionString" />
  </parameter>
</parameters>